,JVA,AAAU,MSFT
2018-08-17,0.02916782158162934,0.006865768267543482,-0.0005574136008918984
2018-08-20,0.006857403302326537,0.006768189509306355,-0.006599739728573972
2018-08-21,0.043209876543209846,0.0025210084033613356,-0.008327874988303563
2018-08-22,0.021696252465483123,0.0025146689019279744,0.010284959426306806
2018-08-23,-0.007722007722007707,-0.008361204013378032,0.004576445316148314
2018-08-24,-0.011673151750972721,0.016020236087689765,0.007809594644849316
2018-08-27,0.0,0.004149377593360981,0.011070110701106861
2018-08-28,0.013779527559055094,-0.007438016528925617,0.006569343065693456
2018-08-29,0.01747572815533971,0.0035720233139049373,0.015409717186366967
2018-08-30,-0.04389312977099247,-0.0038579926822590593,-0.0006248884127834087
2018-08-31,0.03966067864271472,-0.0005330490405116572,0.0033943724877176784
2018-09-04,-0.018910668688924437,-0.00666666666666671,-0.005252381376302018
2018-09-05,-0.0156941019920942,0.003775167785234901,-0.0289063898335421
2018-09-06,-0.00586481113320092,0.002916840785624819,0.0022117777163395136
2018-09-07,-0.00509949005099497,-0.003325027708564132,-0.004229885057471239
2018-09-10,0.013467336683417042,-0.0008361204013379586,0.010619632468371831
2018-09-11,-0.00039666798889326227,0.00041841004184117736,0.016630116959064356
2018-09-12,0.02482142857142855,0.009870347135090052,0.0036850620168973336
2018-09-13,0.026117596948752153,-0.0052182556116955325,0.01110414614489108
2018-09-14,-0.06603773584905659,-0.006661115736885881,0.003896909042600205
2018-09-17,-0.014141414141414232,0.006454316848281572,-0.010322011468901549
2018-09-18,-0.040983606557377095,-0.0022486882651785445,0.009270814761989543
2018-09-19,-0.02564102564102566,0.004173622704507496,-0.013425189895778122
2018-09-20,0.015350877192982448,0.0024937655860350905,0.016830796777081325
2018-09-21,-0.006479481641468721,-0.005928689883913818,0.010829371368198615
2018-09-24,-0.04130434782608683,0.0009592526170913995,-0.0012194059750892938
2018-09-25,0.005668934240362633,0.0005416666666666625,-0.0018313421121479712
2018-09-26,0.0033821871476888976,-0.004705784366801469,-0.002883103267517062
2018-09-27,-0.011235955056179692,-0.009263598326359812,0.002716200823622117
2018-09-28,0.004545454545454408,0.006816281367986399,0.0004369101712686785
2018-10-01,0.015837104072398356,-0.0025251677852348164,0.009607826011005294
2018-10-02,-0.03340757238307357,0.011783110034567112,-0.0038930703348041273
2018-10-03,0.01382488479262678,-0.004164588528678181,0.00017370158068441555
2018-10-04,-0.002272727272727426,8.34731508603248e-06,-0.02005904828065308
2018-10-05,-0.004555808656036331,0.0025041736227044975,-0.006468763845812964
2018-10-08,0.0022883295194506825,-0.012481265611990033,-0.01123795932929006
2018-10-09,-0.006849315068493178,0.0008347315789918319,0.012628540501533614
2018-10-10,0.02758620689655178,0.005054759898904804,-0.053447354355959376
2018-10-11,-0.02460850111856816,0.025146689019279078,-0.0031996988518727676
2018-10-12,0.016055045871559592,-0.0024529844644318732,0.03417673716012093
2018-10-15,-0.018058690744921058,0.0057377049180327155,-0.018258170531312734
2018-10-16,0.020689655172414056,-0.0024449877750610804,0.03115119955365442
2018-10-17,0.0788288288288288,-0.0016339869281045694,-0.0015330507710343833
2018-10-18,-0.018559498956158604,0.003273322422258529,-0.01996026011560692
2018-10-19,0.0038927059624342952,0.0,0.0003686296193898819
2018-10-22,-0.032800779760138954,-0.003132137030995019,0.009949332105020803
2018-10-23,-0.001007755334531124,0.006414872029848917,-0.013864818024263426
2018-10-24,-0.010964912280701733,0.0,-0.05300157247248172
2018-10-25,-0.014235033259423435,-0.0008048780487804885,0.057823793709709026
2018-10-26,0.03918304917000315,0.0046785624201592935,-0.012373037857802416
2018-10-29,-0.03896103896103886,-0.0038550001619747087,-0.026832460732984176
2018-10-30,-0.0045045045045045695,-0.005829268292682932,-0.003266404073398066
2018-10-31,-0.02488687782805432,-0.005585404348928402,0.029301204819277116
2018-11-01,0.04176334106728552,0.01398026315789469,-0.008240471954302886
2018-11-02,0.007461024498886415,0.0008110300081103361,0.002266074969313747
2018-11-05,-0.002984414723112727,-0.0024392220421393107,0.012623645784267445
2018-11-06,0.02121951219512197,-0.004183624562344224,0.0020467020187924234
2018-11-07,-0.00992248735262824,0.0009462898910135298,0.03945780336087634
2018-11-08,0.015350877192982448,-0.004205378973105023,-0.0015183994283671787
2018-11-09,-0.028077753779697567,-0.01132717868133315,-0.02021647732355314
2018-11-12,0.004355555555555446,-0.005802980132450286,-0.023829087921117487
2018-11-13,0.0009514116293478647,-0.0008243199360528086,0.00018705574261135283
2018-11-14,-0.027387873295165677,0.009166666666666545,-0.018047503272863197
2018-11-15,-0.05659090909090925,0.003303055326176807,0.0225692791162746
2018-11-16,-0.009009877138039024,0.004938271604938205,0.009219593965356765
2018-11-19,0.008848697005056527,0.0016380016380015405,-0.034788225523669
2018-11-20,-0.01807228915662651,-0.0016353229762877675,-0.02762906309751434
2018-11-21,-0.004098159509202448,0.0039639639639639235,0.013469668665814671
2018-11-23,-0.009486730897173667,0.0,-0.0005820721769499437
2018-11-26,-0.004925618189959735,-0.003140703517587884,0.033779848573092686
2018-11-27,-0.020000000000000018,-0.006538515045131366,0.00657276995305156
2018-11-28,0.03441326530612243,0.0049423393739702615,0.03666044776119404
2018-11-29,0.008656193740905982,0.003278688524590345,-0.008368577341851813
2018-11-30,-0.022004889975550057,-0.0027859477124183574,0.00626134301270409
2018-12-03,-0.008750000000000036,0.00695565259423736,0.010821534854360104
2018-12-04,-0.013871374527112179,0.007249324698147985,-0.03202783477562676
2018-12-06,-0.02329923273657286,-0.0007996833577007534,0.006359447004608221
2018-12-07,0.01861792662808659,0.010501212611156108,-0.04038831394816367
2018-12-10,-0.015424164524421635,-0.004792038336306703,0.026531780874212707
2018-12-11,-0.016971279373368175,-0.001342443729903553,0.010226850130159892
2018-12-12,-0.003984063745019917,0.002688496615231184,0.003865267807841022
2018-12-13,0.02400000000000002,-0.0025448152399912827,0.0024752475247524774
2018-12-14,0.0026041666666667407,-0.003621730382293742,-0.030452674897119336
2018-12-17,-0.03376623376623378,0.006090468497576662,-0.02914544425580068
2018-12-18,0.005376344086021501,0.00277791158854801,0.009812493927912058
2018-12-19,0.00951871657754011,-0.004003202562049668,-0.0022128150856263185
2018-12-20,0.006462548998834583,0.012861736334405238,-0.022080802237006925
2018-12-21,-0.015789473684210464,-0.003968253968253843,-0.033030960362847694
2018-12-24,-0.027245989304812812,0.01114741035856559,-0.041093096767614856
2018-12-26,0.012561501882850878,-0.0016469790936097795,0.06901318587834959
2018-12-27,-0.020033660893642558,0.006393559081221856,0.005172585297920973
2018-12-28,0.027700831024930705,0.003913725490195974,-0.006940128649183586
2018-12-31,-0.028301886792452824,0.0015703247681624344,0.004796275387723092
2019-01-02,0.05963938973647709,0.006240249609984483,0.0017851829812556286
2019-01-03,-0.03531413612565448,0.0019379844961240345,-0.03474903474903479
2019-01-04,0.033893245773520375,-0.005802707930367634,0.04384615384615387
2019-01-07,0.056089238845144385,0.0015486381322957765,0.003684598378776771
2019-01-08,0.05624176752740029,-0.0015462435605559932,0.005677924620655972
2019-01-09,-0.0023529411764705577,0.005447470817120603,0.014796067361043441
2019-01-10,0.010660377358490347,-0.004643962848297267,-0.006522781774580433
2019-01-11,0.016591991038924725,0.0003888024883360597,-0.0073380322487205385
2019-01-14,0.010513509170626323,0.003497862417411568,-0.006711409395973145
2019-01-15,-0.0004770450466821119,-0.0015491866769945517,0.0260477869173521
2019-01-16,0.002295454545454545,0.0027152831652443865,0.005821721702615079
2019-01-17,0.0072560712909004454,-0.0011605415860735935,0.006736882057121196
2019-01-18,0.00177843812611167,-0.007482571649883862,0.01413760603204528
2019-01-22,-0.024719101123595544,0.0027783414238220505,-0.02123605947955387
2019-01-23,0.02073732718894017,-0.0014787142968324396,0.011631771352608844
2019-01-24,0.005530474040632116,-0.002338269680436378,-0.0029097052750141073
2019-01-25,0.05232910539903446,0.014218749999999947,0.00677774639932216
2019-01-28,0.028244730779076743,0.003643506393467888,-0.018092566619915873
2019-01-29,0.2095435684647302,0.005610431872778987,-0.020235204494596037
2019-01-30,-0.061749571183533525,0.00538832580290638,0.032947808339002904
2019-01-31,0.11151736745886653,0.0027935929552873606,-0.01714809936018069
2019-02-01,-0.002434210526315761,-0.0022483307847204204,-0.0175430198884714
2019-02-04,0.19699267954890187,-0.003626679615480799,0.02918392204628506
2019-02-05,-0.04269972451790627,0.0005863405496371321,0.014107176671084964
2019-02-06,-0.05179856115107917,-0.006415525114155329,-0.009803006255251545
2019-02-07,0.018209408194233667,0.0030101794618442312,-0.008202904016594403
2019-02-08,-0.010432190760059634,0.0034364261168384758,0.0021865196311436907
2019-02-11,0.031611445783132464,-0.004794520547945269,-0.0015651678998293006
2019-02-12,0.045270733879326785,0.001598225892788907,0.01501116336516084
2019-02-13,0.06019553072625694,-0.0038479450904342904,-0.0004680114194786089
2019-02-14,-0.10683704386773807,0.004023759340869848,0.0016388069485413492
2019-02-15,0.002949852507374562,0.008389312977099106,0.010938668661181872
2019-02-19,-0.04691176470588232,0.01416361970946034,0.0
2019-02-20,0.047677827495756775,0.00022393073076054648,-0.008600758346434811
2019-02-21,-0.013254786450662692,-0.011194029850746245,0.020895522388059584
2019-02-22,-0.016417910447761197,0.001026415094339539,0.013934576023391765
2019-02-25,0.015174506828528056,-4.52365873518934e-05,0.0056324066146984375
2019-02-26,-0.05680119581464882,0.0010404885772450356,0.006900259879917492
2019-02-27,0.014263074484944571,-0.006899252832007652,-0.0015129939480241772
2019-02-28,0.10468750000000004,-0.004944938264114351,-0.0012478830555308074
2019-03-01,-0.002687411598302658,-0.01753048780487798,0.004194556001784866
2019-03-04,-0.010069493688838471,-0.003103180760279378,-0.0021329541414859543
2019-03-05,-0.04297994269340988,0.0011673151750972721,-0.0053437833986461625
2019-03-06,0.025449101796407136,-0.0011659541391372263,0.0005372492836674958
2019-03-07,-0.03649635036496346,0.0,-0.012171111508859855
2019-03-08,0.0015151515151516914,0.01066147859922184,0.0012683457148034982
2019-03-11,0.04387291981845687,-0.004389004389004469,0.020901194353963204
2019-03-12,-0.023188405797101463,0.005638051044083658,0.007178941770805691
2019-03-13,-0.11275964391691395,0.006698505717955161,0.007655755015839594
2019-03-14,-0.0033444816053512794,-0.01031321619556913,0.0005239717055278703
2019-03-15,0.025167785234899487,0.0034735623311463737,0.011608623548922115
2019-03-18,0.00654664484451728,0.0015384615384614886,0.014581535806729828
2019-03-19,-0.047154471544715415,0.0023041474654379446,0.00093545369504211
2019-03-20,-0.023890784982935287,0.005609195402298761,-0.0015293118096857405
2019-03-21,-0.0017482517482516613,-0.0032995001219214837,0.026548672566371723
2019-03-22,-0.03677758318739055,0.0028134771672565506,-0.02975795755968169
2019-03-25,-0.016363636363636358,0.007113069598298383,0.005126014523707978
2019-03-26,0.012939001848428777,-0.0037925813777441864,0.0023799405014874875
2019-03-27,-0.0018248175182482562,-0.006071474707254665,-0.00983634359365737
2019-03-28,-0.007312614259597838,-0.013761467889908285,0.001455853387000161
2019-03-29,-0.012891344383056946,0.0014186046511628359,0.008636907815974038
2019-04-01,-0.001865671641791189,-0.004505236757158526,0.009071640525646352
2019-04-02,0.020560747663551426,0.0024416606402750674,0.0013443118803564413
2019-04-03,-0.016483516483516425,0.0006593491835704679,0.0066286289645913765
2019-04-04,0.027932960893854553,0.002248062015503871,-0.005334667000083337
2019-04-05,0.04166666666666674,-0.0019645757599194846,0.004609067292382418
2019-04-08,0.040000000000000036,0.004370873244675888,8.341675008338711e-05
2019-04-09,-0.026755852842809347,0.006172839506172645,-0.004837767953957739
2019-04-10,0.025773195876288568,0.0023006134969325576,0.00762718967395859
2019-04-11,-0.05695142378559459,-0.012624330527926664,0.0009149891864914661
2019-04-12,-0.001776198934280604,-0.0007748934521503159,0.005235602094240788
2019-04-15,-0.02135231316725983,-0.0019387359441643826,0.0008267195767195368
2019-04-16,-0.016363636363636358,-0.00932400932400923,-0.0022302990252767163
2019-04-17,-0.005545286506469571,-0.0016156862745098088,0.007947677787896401
2019-04-18,0.009293680297397744,3.927914905665908e-05,0.013305954825462152
2019-04-22,-0.04235727440147319,0.000785552125311284,0.0031612223393044925
2019-04-23,0.00048076923076911804,-0.0025824378527303793,0.013574660633484115
2019-04-24,0.0,0.0027150389549066567,-0.002790178571428492
2019-04-25,-0.02931283037001442,0.0013656162932151883,0.03189703413542255
2019-04-26,-0.027722772277227636,0.007140113959667405,0.00627517818407175
2019-04-29,0.046843177189409335,-0.0046692607003890885,-0.001154823312033093
2019-04-30,-0.011673151750972721,0.002267396403440314,0.006474487436411325
2019-05-01,-0.027559055118110187,-0.005718074732818601,-0.0207014856792771
2019-05-02,-0.012145748987854366,-0.003593368743968539,-0.013112620897614002
2019-05-03,0.002049180327868827,0.006803203174828187,0.02131537242472259
2019-05-06,-0.03476482617586907,0.0018535463738531543,-0.005663744278066485
2019-05-07,0.06779661016949157,0.0023419203747072626,-0.020209113607990048
2019-05-08,0.04761904761904767,-0.004672897196261738,-0.0010352791271800443
2019-05-09,-0.045454545454545525,0.003129890453834161,0.0005580357142858094
2019-05-10,0.0,0.0014040561622463699,0.013385387618516376
2019-05-13,-0.031746031746031744,0.011053123539492171,-0.030505542888591863
2019-05-14,-0.02254098360655743,-0.0028120401543926254,0.011434595734328035
2019-05-15,0.023060796645702375,0.0003940232087396023,0.010663887107119852
2019-05-16,-0.008196721311475419,-0.006842491408271201,0.02300674335581121
2019-05-17,-0.022727272727272596,-0.007768334123904541,-0.006824350523458644
2019-05-20,-0.029598308668076223,0.0007836990595611049,-0.014601389864917547
2019-05-21,-0.015250544662309462,-0.003915426781519127,0.005546751188589605
2019-05-22,0.004424778761062065,-0.00016509433962264008,0.005988967691095359
2019-05-23,-0.008810572687224627,0.008263942946555636,-0.011593294689017597
2019-05-24,-0.01777777777777778,0.000545894096545263,0.00039625931209386067
2019-05-28,0.011312217194570096,-0.0038971161340608518,-0.0014259684702527808
2019-05-29,0.006711409395973256,0.0015649452269170805,-0.008806029353431222
2019-05-30,-0.013333333333333197,0.004679687499999918,0.0063230350568272975
2019-05-31,-0.011261261261261368,0.014549102248073487,-0.017020599697765038
2019-06-03,0.0,0.015122250325745323,-0.030018609919896466
2019-06-04,0.002277904328018332,-0.0003246679703722277,0.027694361027694514
2019-06-05,-0.03409090909090917,0.0030211480362536403,0.02134740259740253
2019-06-06,-0.028235294117647136,0.0029593373493976838,0.016450766907732728
2019-06-07,0.029055690072639306,0.006058876968008775,0.027365129007036693
2019-06-10,0.0023529411764704466,-0.00970149253731345,0.00913242009132409
2019-06-11,-0.014084507042253391,-0.0015071590052749828,-0.0037707390648566985
2019-06-12,0.01904761904761898,0.005283018867924483,-0.00461771385314147
2019-06-13,0.030373831775700966,0.007507507507507505,0.006312267092554391
2019-06-14,-0.04535147392290251,-0.0014903129657227732,0.0011336154776300233
2019-06-17,0.04513064133016642,0.0029179104477612405,0.003170529176417247
2019-06-18,0.011363636363636243,0.000811066217231815,0.01723229738881793
2019-06-19,0.026966292134831482,0.0065724907063196,0.003032993046308663
2019-06-20,-0.03938730853391703,0.026391597234532993,0.009587727708533
2019-06-21,-0.013667425968109215,0.006066624927135722,0.0003652567755132452
2019-06-24,-0.06928406466512693,0.013590844062947083,0.006207097999123556
2019-06-25,-0.05459057071960305,0.003415666901905423,-0.03164235430727913
2019-06-26,0.0209973753280841,-0.010226185787430397,0.0037472832196656647
2019-06-27,0.010282776349614497,-0.0009237547075960917,0.0015679832748449751
2019-06-28,0.05089058524173029,0.00141536273115217,-0.001565528552258666
2019-07-01,-0.029055690072639306,-0.019169170235584065,0.013141193160606246
2019-07-02,0.014962593516209655,0.016517016654598038,0.006485371066401235
2019-07-03,-0.012285012285012442,0.007971164188885993,0.006443582045837282
2019-07-05,0.034825870646766344,-0.01172438162544176,-0.002764641687886482
2019-07-08,0.033653846153846034,-0.005298875151064419,-0.0007295542423578771
2019-07-09,-0.011627906976744096,0.0021567217828899476,-0.0039059648098123123
2019-07-10,0.03764705882352937,0.016499282639885315,0.010444534027192587
2019-07-11,0.0,-0.008468595624558817,0.003917017263890932
2019-07-12,-0.036054421768707434,0.005693950177936058,0.0035404624277455277
2019-07-15,0.011526699600094004,0.0,0.0003599971200232144
2019-07-16,-0.016279069767441756,-0.007997169143666105,-0.013387073556930917
2019-07-17,-0.007092198581560294,0.01590925304986812,-0.006273708783192444
2019-07-18,0.0023809523809523725,0.014747191011235783,0.00044046395536634364
2019-07-19,0.0,-0.014636678200692033,0.0024948635162900246
2019-07-22,-0.004750593824227933,-0.0016012922709555122,0.013248426291904591
2019-07-23,-0.007159904534606243,-0.004621650710130321,0.00621252618652024
2019-07-24,-0.007211538461538547,0.0049399293286218615,0.01026635077895044
2019-07-25,-0.026634382566586012,-0.007032398258778327,-0.0037663445139283214
2019-07-26,-0.004975124378109319,0.00213174314265685,0.008203152863970331
2019-07-29,-0.005449999999999955,0.006360424028268641,-0.002122541389557142
2019-07-30,-0.004574933386959024,0.002808988764044784,-0.004750425411230719
2019-07-31,0.022727272727272707,-0.012605042016806678,-0.029635962100163837
2019-08-01,0.0024691358024691024,0.02400000000000002,0.013581969018427342
2019-08-02,0.0,-0.004044769503546042,-0.00840214399536432
2019-08-05,-0.0024630541871920597,0.014603616133518793,-0.034331628926223656
2019-08-06,-0.007407407407407418,0.007457162440027476,0.018608169440242017
2019-08-07,0.024875621890547484,0.015389011347865189,0.004604188326154723
2019-08-08,-0.003640776699029069,0.005695142378559392,0.026833234772324133
2019-08-09,-0.020706455542022106,-0.003664223850766146,-0.00878266503491465
2019-08-12,0.024875621890547484,0.010364426613172828,-0.01365386012056069
2019-08-13,-0.016990291262136026,-0.006949040370615389,0.02054340622929085
2019-08-14,-0.014814814814814725,0.007664111962679021,-0.033333333333333326
2019-08-15,-0.022556390977443663,0.00562169312169325,-0.0021570383639347712
2019-08-16,0.00512820512820511,-0.006247944755014889,0.01824356164588492
2019-08-19,0.020408163265306145,-0.012726671078755802,0.01674869609931684
2019-08-20,-0.0024999999999999467,0.008868659377786248,-0.008453146448955895
2019-08-21,0.020050125313283207,-0.0033222591362126463,0.011221218303701486
2019-08-22,-0.017199017199017286,-0.0020000000000000018,-0.007277705721285388
2019-08-23,-0.020000000000000018,0.019038076152304573,-0.03171953255425708
2019-08-26,-0.005102040816326481,0.0006555227794164953,0.016041979010494645
2019-08-27,-0.002564102564102555,0.008843760235833553,0.001549358123063449
2019-08-28,0.023136246786632286,-0.002272727272727315,-0.0014732965009207621
2019-08-29,-0.017587939698492372,-0.007159127888057282,0.01925488749538906
2019-08-30,-0.01278772378516635,-0.0035004916420846577,-0.0017371163867979655
2019-09-03,-0.023316062176165775,0.015682559730554768,-0.01305104408352653
2019-09-04,0.01591511936339529,0.005602331606217703,0.011533940640611196
2019-09-05,0.007832898172323688,-0.02424886484397648,0.017139952066235864
2019-09-06,0.0,-0.007920792079208039,-0.006569082470546328
2019-09-09,0.03367875647668406,-0.003326679973386537,-0.011140659814561804
2019-09-10,0.022556390977443552,-0.009092122830440585,-0.01039395260939091
2019-09-11,0.007352941176470562,0.006480820275131638,0.0
2019-09-12,-0.012165450121654708,0.001860776439089662,0.010219610723466888
2019-09-13,-0.008620689655172264,-0.008130787423669461,-0.0024094563527781165
2019-09-16,-0.018633540372670843,0.007672048551471411,-0.005903359813424713
2019-09-17,0.0075949367088608,0.00200534759358284,0.00725806451612887
2019-09-18,0.047738693467336724,-0.006671114076050699,0.008297547128612193
2019-09-19,-0.05995203836930452,0.004701141705842904,0.018407565148343297
2019-09-20,0.04591836734693877,0.011363636363636465,-0.012758718457612783
2019-09-23,-0.029268292682926744,0.00594844679444817,-0.0013641585295807168
2019-09-24,-0.01005025125628145,0.004625492772667439,-0.012294198001294165
2019-09-25,0.010152284263959421,-0.017808559619107434,0.01441257825010922
2019-09-26,-0.007537688442211032,0.0001265140064321546,0.0015068886337541443
2019-09-27,-0.005063291139240533,-0.005326231691078598,-0.013040051587017265
2019-09-30,-0.0050890585241730735,-0.014725568942436373,0.009292196007259612
2019-10-01,-0.01534526854219953,0.004755434782608647,-0.014169603682658405
2019-10-02,-0.051948051948051965,0.011494252873563315,-0.017729461549686354
2019-10-03,0.06438356164383552,0.00401069518716568,0.012404367525811644
2019-10-04,-0.014157014157014092,0.0,0.013279530447542154
2019-10-07,0.0,-0.008761651131824144,-0.007313011367750533
2019-10-08,-0.024804177545691974,0.009510760054807665,-0.010503282275711179
2019-10-09,-0.0013386880856760541,0.0013306719893546592,0.018796992481203034
2019-10-10,0.04289544235924936,-0.009966777408637939,0.006439476159467272
2019-10-11,-0.005141388174807249,-0.005369127516778538,0.003666427030913244
2019-10-14,-0.0025839793281654533,0.004723346828610087,-0.0005013967480841375
2019-10-15,-0.007772020725388518,-0.0069375419744796,0.014547799914003123
2019-10-16,-0.015665796344647487,0.005295299153969424,-0.00769937133573495
2019-10-17,-0.0026525198938992522,0.0010090817356205317,-0.005765945330296174
2019-10-18,0.02393617021276606,-0.0004637096774193772,-0.01668217942292538
2019-10-21,0.023376623376623273,-0.005156961225299406,0.007936507936507908
2019-10-22,-0.017766497461928932,0.0029466627017382674,-0.014736690023838928
2019-10-23,0.0025839793281652312,0.003369272237196741,0.006305447613461412
2019-10-24,-0.018041237113401998,0.00671591672263272,0.01967213114754096
2019-10-25,0.008713910761154908,0.001994663108739081,0.005573419078242159
2019-10-28,0.004371357202331394,-0.008648526288457248,0.024657144887372917
2019-10-29,-0.023316062176165775,-0.002014775016789816,-0.009639389736477044
2019-10-30,-0.007957559681697535,0.004454912516823617,0.012254043834465378
2019-10-31,0.010695187165775222,0.01097399204084093,-0.008093525179856176
2019-11-01,0.002645502645502784,0.00038436050364487606,0.002301415719366817
2019-11-04,0.0026385224274405594,-0.00369639237403796,0.005566379070414795
2019-11-05,0.010526315789473717,-0.015292553191489255,-0.00041516745087188944
2019-11-06,0.0546875,0.004733288318703677,-0.0027689325764918005
2019-11-07,-0.01728395061728394,-0.015463605755337673,0.0015271414688324825
2019-11-08,0.03768844221105527,-0.006143344709897636,0.011644025505960665
2019-11-11,-0.026513317191283248,-0.003434065934066033,0.0010961907371882518
2019-11-12,0.037184429797288754,0.0031771192281186966,0.006569942513003024
2019-11-13,-0.016786570743405393,0.003338806411057771,0.001767745444655855
2019-11-14,-0.007317073170731603,0.004012406964881254,0.004886656712365989
2019-11-15,-0.012285012285012442,-0.0019163489801068412,0.012765095231662693
2019-11-18,-0.023631840796019876,0.0024666557341206374,0.0026008669556520925
2019-11-19,0.016560509554140124,0.0019562002003912227,0.0003325794864972309
2019-11-20,-0.010025062656641603,-0.0003401360544217358,-0.005120021278010367
2019-11-21,-0.010126582278481067,-0.006022456617897243,-0.0008688677984226567
2019-11-22,0.023017902813299296,-0.00044500735973718175,0.0009365174928088749
2019-11-25,0.02499999999999991,-0.005479452054794498,0.010657622134598865
2019-11-26,-0.019512195121951237,0.00476584022038562,0.005126807988377502
2019-11-27,0.0024875621890549926,-0.004743234721574896,0.0022368421052632037
2019-11-29,2.481389578168347e-05,0.005509641873278293,-0.006301693580149759
2019-12-02,0.017344482767176927,-6.849315068446771e-06,-0.012088783194609487
2019-12-03,0.0024390243902441266,0.009595956136685846,-0.001537947174858001
2019-12-04,0.0,-0.0014382632293080677,0.003415483525314844
2019-12-05,-0.0066423357664234794,0.0007541375655624183,0.0006006807715408513
2019-12-06,0.02571827467117349,-0.010855470845015924,0.012206510138740745
2019-12-09,0.011271103469684851,0.0006794783802333004,-0.0025700164744645315
2019-12-10,0.0012042787314932024,0.0018038532500221915,-0.0012552854122622747
2019-12-11,0.0,0.007743287097260243,0.0034398359462857186
2019-12-12,0.0,-0.0037637659399564205,0.010152284263959421
2019-12-13,0.06393867924528296,0.0038257216702242136,0.00854923970501864
2019-12-16,0.01693600230542458,0.0,0.0064708166170570625
2019-12-17,0.013623978201634968,-0.00044157608695660766,-0.004821910762504822
2019-12-18,0.08537634408602135,0.002480714989635313,-0.0027133535758122607
2019-12-19,-0.01450366554388749,0.0,0.008680443091274137
2019-12-20,-0.03092203144477046,-0.0006779661016949046,0.010789287778562473
2019-12-23,-0.01582987551867232,0.005597014925373012,0.00012707287629454278
2019-12-24,0.0038366675801591033,0.00927643784786647,-0.00012705673083035496
2019-12-26,-0.027699027699027656,0.007352941176470562,0.008132664082851626
2019-12-27,0.009308855291576545,0.0009953550099535136,0.0017646688094787866
2019-12-30,-0.037041792386210415,0.002320185614849146,-0.007989933941490945
2019-12-31,0.03777777777777769,0.0023148148148148806,-0.0012049720953830612
2020-01-02,-0.04496788008565311,0.00495546024414395,0.020572734776811208
2020-01-03,0.008968609865470878,0.013762220865260133,-0.013314253717414237
2020-01-06,-0.013333333333333197,0.011839608282544267,0.002711394161044156
2020-01-07,-0.015765765765765827,0.003680588894223069,-0.008929694378065789
2020-01-08,0.0,-0.008290816326530503,0.016116751269035445
2020-01-09,-0.017963386727688824,-0.005241157556270082,0.012176845260397196
2020-01-10,-0.007340090877315686,0.006341920677505719,-0.0047504472823740596
2020-01-13,-0.025751173708920216,-0.0074903961044801015,0.01214976444334237
2020-01-14,0.0047225501770957745,-0.0019288025889967475,-0.006920627143557012
2020-01-15,-0.008369505263915333,0.006472030194160983,0.007030527289546562
2020-01-16,-0.0036275695284159193,-0.00142396907216491,0.01788229530283547
2020-01-17,0.0,0.002716497073797175,0.005053847542265899
2020-01-21,0.004854368932038833,0.0009652509652509078,-0.003352289733612679
2020-01-22,-0.012053140096618398,-0.0009643201542912649,-0.004805093399003035
2020-01-23,0.010415393266668405,0.0029601029601029616,0.006216428269660179
2020-01-24,-0.00791250272219135,0.005710252790966264,-0.010076775431861806
2020-01-27,-0.04878048780487798,0.007336523125996752,-0.01684440135724674
2020-01-28,0.0006923076923077698,-0.008866371120962557,0.01972143473437704
2020-01-29,-0.000691828733953348,0.0051054313099041515,0.01643901849389584
2020-01-30,0.05384615384615388,0.0,0.027113806635747473
2020-01-31,-0.02676399026763998,0.00636367681930583,-0.014877851105708162
2020-02-03,2.4999999999941735e-05,-0.006317119393556503,0.024798730681083514
2020-02-04,-2.4999375015544167e-05,-0.014157660521296855,0.032914731349274584
2020-02-05,-0.01749999999999996,0.0015476581996864969,-0.0010547937600621227
2020-02-06,-0.020356234096692183,0.006032978565863711,0.020562409692119532
2020-02-07,-0.016233766233766267,0.0026112000000000357,0.0016880853844478683
2020-02-10,-0.03366336633663369,0.0015447663062211348,0.026039684696928633
2020-02-11,0.02740437158469944,-0.002549394518801762,-0.02278266398219775
2020-02-12,-0.008057867723319956,-0.0012779552715654896,0.0015181088700932932
2020-02-13,-0.004825737265415464,0.0057581573896352545,-0.005197055002165496
2020-02-14,-0.003232758620689613,0.005718829516539348,0.008652590335219923
2020-02-18,0.029729729729729648,0.011391596404784377,0.010089020771513413
2020-02-19,0.014173228346456623,0.0062539086929329635,0.00032047858134820473
2020-02-20,0.006728778467908869,0.004350528278433741,-0.015751815463477037
2020-02-21,-0.010282776349614386,0.01458539603960407,-0.03130255519991321
2020-02-24,-0.02857142857142858,0.00940490494458901,-0.043010752688172116
2020-02-25,-0.02406417112299475,-0.018120955413627904,-0.016561329588014928
2020-02-26,-0.002739726027397249,0.0048738461538462285,0.012555786968164062
2020-02-27,-0.052197802197802234,-0.0005634078828111733,-0.07146215326751293
2020-02-28,0.11991304347826093,-0.035539215686274495,0.02601265822784815
2020-03-02,-0.04754509925718875,0.004447268106734459,0.06625131083831959
2020-03-03,0.008152173913043459,0.032258064516129004,-0.04900202487706107
2020-03-04,0.0013477088948787852,0.001225490196078427,0.03747414527314752
2020-03-05,-0.004037685060565233,0.021627906976744216,-0.025214026034947712
2020-03-06,0.0,0.00039536583320343155,-0.02809191530317623
2020-03-09,-0.04594594594594603,0.0023952095808381646,-0.06777248251531842
2020-03-10,0.011331444759206777,-0.020119474313022745,0.06911432744655421
2020-03-11,-0.0028011204481792618,-0.004462543893874349,-0.0463888716388251
2020-03-12,-0.1488764044943821,-0.041028781383955826,-0.09637926543370678
2020-03-13,0.0264026402640265,-0.030012771392081805,0.14478235802825035
2020-03-16,-0.09967845659163987,-0.014483212639894605,-0.14753289266603709
2020-03-17,-0.24642857142857144,0.01770207080828312,0.08238119431906799
2020-03-18,-0.11848341232227477,-0.020019691499835846,-0.03029269291123693
2020-03-19,0.20430107526881724,-0.0187541862022772,0.003799338633645233
2020-03-20,0.26785714285714257,0.015699658703071773,-0.041354173967897756
2020-03-23,-0.07042253521126751,0.040994623655914,-0.008846969364626811
2020-03-24,-0.053030303030303094,0.05616526791478371,0.0942755975213927
2020-03-25,0.08000000000000007,-0.014669926650366705,-0.010044492382364933
2020-03-26,-0.011074074074074125,0.01674937965260548,0.06305754170922717
2020-03-27,-0.012808509044605176,-0.005491153142159866,-0.041637307027096226
2020-03-30,-0.07052619598619059,-0.00613496932515345,0.07145244301851483
2020-03-31,-0.048979591836734726,-0.030555555555555558,-0.01659388646288229
2020-04-01,-0.03433476394849788,0.007322508755173596,-0.03615833544785585
2020-04-02,-0.022222222222222143,0.01833122629582795,0.021850730551533415
2020-04-03,0.013636363636363447,0.004345127250155123,-0.009274120829576127
2020-04-06,0.04035874439461873,0.025339925834363397,0.07443695589848143
2020-04-07,0.02586206896551735,-0.003013863773357439,-0.010770254734676632
2020-04-08,0.04621848739495804,-0.00846432889963733,0.009908862927396234
2020-04-09,0.11646586345381515,0.024469512195122167,0.0004845254678698119
2020-04-13,-0.014388489208632893,0.019563962312439953,0.001937163266541475
2020-04-14,0.014598540145985162,0.00700525394045548,0.04948341489940189
2020-04-15,-0.03982014388489208,-0.003478260869565153,-0.01013241220495098
2020-04-16,0.037725246319259886,-0.002908667830133882,0.029835989298592436
2020-04-17,-0.01805054151624541,-0.019836639439906656,0.008640650590162169
2020-04-20,0.19117647058823528,0.017857142857142794,-0.0202127659574467
2020-04-21,-0.04475308641975306,-0.016894736842105407,-0.04183096176924406
2020-04-22,-0.04038772213247177,0.017779919220039186,0.03521798771396201
2020-04-23,-0.013468013468013518,0.011104617182934096,-0.012357770416246527
2020-04-24,-0.04436860068259396,-0.004046242774566444,0.018141515487370752
2020-04-27,-0.03214285714285714,-0.005803830528148701,-0.002921966311447144
2020-04-28,-0.005535055350553542,-0.004676007005253835,-0.024363615468597444
2020-04-29,0.07606679035250474,0.0038182042123413584,0.0442311090170211
2020-04-30,-0.020689655172413834,-0.01635991820040883,0.010829103214889946
2020-05-01,-0.03169014084507038,0.0080190080190079,-0.02633634638991178
2020-05-04,-0.029090909090909167,0.0011785503830288313,0.024871060171919757
2020-05-05,0.01872659176029967,0.0041200706297821466,0.010735853276671925
2020-05-06,-0.018345588235294086,-0.011723329425556872,0.009570701482628952
2020-05-07,0.0037077263023856943,0.014827995255041415,0.006125267137925272
2020-05-08,0.008917910447761024,-0.005552308591466937,0.00583962119256376
2020-05-11,0.017049447094936943,-0.0061710255656773905,0.01066709984838643
2020-05-12,-0.029090909090909167,0.003843879361324687,-0.02287704259308876
2020-05-13,-0.03745318352059923,0.009131075110456521,-0.014255949117227718
2020-05-14,-0.04280155642023342,0.0093403385872739,0.004616753810212648
2020-05-15,-0.020325203252032464,0.005783689994216301,0.01539228171197582
2020-05-18,0.058091286307053736,-0.008050603795284661,0.008233818637875645
2020-05-19,0.015686274509803866,0.008115942028985579,-0.007571660356949783
2020-05-20,0.04247104247104261,0.0054629097182288255,0.011771117166212486
2020-05-21,0.04444444444444429,-0.016299685444666867,-0.011688031886243566
2020-05-22,-0.00042553191489358433,0.005813953488372103,0.00010899776554573748
2020-05-26,0.04654462892010791,-0.014450867052023142,-0.010626123916952723
2020-05-27,0.0,0.0029325513196480912,0.0013769552764926196
2020-05-28,0.023728813559321882,0.0029239766081869956,-0.0029701336560145064
2020-05-29,-0.06953642384105962,0.007580174927113825,0.014839741821591979
2020-06-01,0.039145907473309594,0.005208333333333259,-0.005979560774081238
2020-06-02,-0.03424657534246578,-0.007582037996545887,0.011702942141528894
2020-06-03,-0.03549645390070921,-0.017884594188522063,0.0019459459459461037
2020-06-04,0.040479429390786414,0.010041346721795685,-0.01300172637030661
2020-06-05,0.028268551236749095,-0.019883040935672502,0.024870183110139443
2020-06-08,0.05498281786941561,0.00984486873508339,0.005173333333333252
2020-06-09,0.033615635179153225,0.009748892171344226,0.008489414760969982
2020-06-10,-0.035673767805370016,0.014628437682855377,0.035513231967170045
2020-06-11,-0.11111111111111105,-0.006343713956170616,-0.052586119296819445
2020-06-12,0.0808823529411764,0.005803830528148479,0.008955864214082565
2020-06-15,0.020408163265306145,-0.006924408540103677,0.005049431274582794
2020-06-16,0.0,0.0,0.024221270294568553
2020-06-17,-0.016666666666666607,0.0023242300987798004,0.002736613827645007
2020-06-18,0.16888135593220333,-0.003478260869565153,0.010916580844490209
2020-06-19,-0.06327939214662726,0.012210587550901542,-0.006570904645476716
2020-06-22,-0.037151702786377694,0.005752906625900112,0.028457160436855977
2020-06-23,-0.013569131832797399,0.008571428571428452,0.006526074384285652
2020-06-24,0.017015450811656674,-0.002266288951841333,-0.020055575093244293
2020-06-25,-0.03205128205128205,-0.0011357183418512218,0.012737565709664445
2020-06-26,-0.009933774834437026,0.003979533826037551,-0.02011379516869638
2020-06-29,0.02224080267558537,0.0005662514156286047,0.011052819232924005
2020-06-30,-0.018485195485031913,0.005189586870401719,0.025188916876574208
2020-07-01,0.010000000000000009,-0.005444298687625748,0.005700245700245743
2020-07-02,0.0033003300330034513,0.0019813189923578722,0.007573536597283326
2020-07-06,0.0032894736842103978,0.006497175141243039,0.021725425537073795
2020-07-07,6.557377049176694e-05,0.005332584900364701,-0.011628458873226055
2020-07-08,0.009769851157301224,0.00670016750418756,0.02208989627353053
2020-07-09,-0.016233766233766267,-0.002218524681087186,0.007329449351625605
2020-07-10,-0.009900990099009799,-0.0027793218454695845,-0.0034981343283582156
2020-07-13,-0.009999999999999898,0.0011148272017837968,-0.030657617598876752
2020-07-14,-0.006734006734006703,0.0050111358574609355,0.006228874939642637
2020-07-15,-0.0016949152542373724,0.001108033240997175,-0.0016315562167089626
2020-07-16,0.0016977928692700761,-0.009501936912008957,-0.01985099735640483
2020-07-17,-0.0474576271186441,0.008475665286647338,-0.0051490780698312255
2020-07-20,0.03202846975088969,0.004432132963988922,0.042490264701533054
2020-07-21,-0.010344827586206806,0.01158301158301156,-0.01295569530474261
2020-07-22,0.020905923344947785,0.016085059978189875,0.014387065868263438
2020-07-23,0.010238907849829282,0.007781057150523241,-0.04322624488024507
2020-07-24,0.006756756756756799,0.010117145899893432,-0.006416584402763936
2020-07-27,-0.02684563758389269,0.01897733263046919,0.012667660208643738
2020-07-28,0.014103448275862185,0.009829280910501836,-0.010350748099092422
2020-07-29,0.009894930123431678,0.006147540983606703,0.011499950431248074
2020-07-30,-0.023569023569023684,-0.007128309572301483,-0.0008330883073606188
2020-07-31,-0.03103448275862064,0.008794871794871817,0.005934572563637275
2020-08-03,0.039145907473309594,0.0014487964822202937,0.05577766942954665
2020-08-04,-0.012773972602739714,0.020304568527918843,-0.014731689295280348
2020-08-05,0.06150483921323757,0.010199004975124382,-0.0018748535270681765
2020-08-06,0.05555555555555558,0.0125584831322334,0.015966189246301887
2020-08-07,-0.005325077399380818,-0.015077821011673098,-0.018072567598798273
2020-08-10,-0.03199701195219129,-0.0034567901234567877,-0.01934663905102607
2020-08-11,0.003215434083601254,-0.0542616451932606,-0.024000384006144126
2020-08-12,-0.01602564102564108,-0.00393502750851471,0.029311955933703837
2020-08-13,0.0,0.02367713664985094,-0.00272349371685221
2020-08-14,0.019543973941368087,-0.005138746145940454,0.0008144883096972144
2020-08-17,0.009584664536741228,0.02169421487603307,0.006506773900138985
2020-08-18,0.04746835443037978,0.009100101112234471,0.005854005627607517
2020-08-19,-0.012084592145015116,-0.031563126252505125,-0.008416871571779838
2020-08-20,-0.042813455657492394,0.0069839627521988135,0.02312827849308552
2020-08-21,0.054313099041533475,-0.007963010531723658,-0.007131204847354966
2020-08-24,-0.010606060606060508,-0.006162610046608008,0.003239132475823858
2020-08-25,-0.038284839203675314,0.001511125006513403,0.012851059847456714
2020-08-26,0.03821656050955413,0.011446409989594342,0.021683812536843483
2020-08-27,-0.033742331288343475,-0.010802469135802517,0.02450825231743159
2020-08-28,0.04761904761904767,0.01716068642745694,0.010460343381736292
2020-08-31,-0.033333333333333326,0.002811860940695299,-0.01694767187909496
2020-09-01,0.050156739811912265,0.0012745347947999974,0.010041766640007
2020-09-02,0.06865671641791038,-0.013747454175152773,0.01821221185993327
2020-09-03,-0.05865921787709494,-0.00722767165720184,-0.061176877214205505
2020-09-04,0.09792284866468837,0.0026001040041601087,-0.0145421076852279
2020-09-08,-0.05405405405405406,-0.002334024896265663,-0.05365648641075926
2020-09-09,0.03142857142857136,0.009097998440343202,0.042092277325437966
2020-09-10,-0.02216066481994461,-0.0028335909325090114,-0.02746472203807182
2020-09-11,0.015580736543909346,0.00025316455696189344,-0.006524491187067882
2020-09-14,-0.03788005578800557,0.00723660762710554,0.006175259752989604
2020-09-15,-0.025861069233445444,-0.0017948717948718107,0.017291768144179098
2020-09-16,0.04166666666666674,0.0025687130747495956,-0.018721570505147223
2020-09-17,-0.05999999999999994,-0.004868050217781139,-0.0096613643017468
2020-09-18,0.012158054711246313,0.001029866117404632,-0.012366968860859417
2020-09-21,-0.042042042042042094,-0.020061728395061706,0.010925417809927618
2020-09-22,-0.00940438871473348,-0.005249343832021025,0.023391235688906553
2020-09-23,0.04721518987341766,-0.02110817941952503,-0.03274182659851477
2020-09-24,-0.02393327692493663,0.0032345013477088624,0.012911909865895632
2020-09-25,0.010928792569659507,-0.002418054809242287,0.022590806181710832
2020-09-28,0.05350197531620382,0.009426339886883683,0.008855946479279897
2020-09-29,0.04651162790697683,0.008537886872998834,-0.011688373646295602
2020-09-30,-0.033333333333333326,-0.005291005291005124,0.015253910021239658
2020-10-01,0.034482758620689724,0.009574468085106425,0.010174971472042715
2020-10-02,-0.05277777777777781,-0.0021074815595363283,-0.0295585051303775
2020-10-05,0.017595307917888547,0.0052798310454065245,0.020322048695314843
2020-10-06,0.011527377521613813,-0.012605042016806678,-0.021200741550601365
2020-10-07,-0.014245014245014231,0.0,0.018940313729299163
2020-10-08,0.040462427745664886,0.003457446808510456,0.003908297983890252
2020-10-09,-0.026388888888888906,0.01855287569573294,0.024592888002658686
2020-10-12,-0.01854493580599148,-0.0028623471246421728,0.025948751216347654
2020-10-13,0.008720930232558155,-0.01565762004175364,0.006413441127320452
2020-10-14,-0.01729106628242072,0.003711558854718966,-0.008526679531481451
2020-10-15,0.011730205278592365,0.0031695721077653616,-0.005748427103607567
2020-10-16,0.1594202898550725,-0.0036861506055817506,-4.552490212139659e-05
2020-10-19,-0.040000000000000036,0.0005285412262154843,-0.024630093330298197
2020-10-20,-0.0390625,0.005282620179609232,0.0014936519790889058
2020-10-21,0.01084010840108407,0.0073568050446664035,0.0010486577181207934
2020-10-22,0.02680965147453085,-0.010172143974960912,0.00025607002351191177
2020-10-23,-0.04177545691906004,-0.0007905138339920903,0.006609569912493063
2020-10-26,0.07356948228882842,-0.0005274261603376296,-0.02825302876167568
2020-10-27,-0.019035532994923776,0.00304485488126649,0.014275517487508882
2020-10-28,-0.05821474773609314,-0.01618817637062875,-0.048979591836734726
2020-10-29,0.049450549450549275,-0.004278074866310044,0.00828770164274073
2020-10-30,-0.002617801047120394,0.004296455424274814,-0.00885561915944999
2020-11-02,-0.02099737532808399,0.009625668449197766,-0.001283443577845933
2020-11-03,0.02144772117962468,0.005826271186440746,0.018782127323052622
2020-11-04,-0.02887139107611547,-0.0005265929436544248,0.04948573646419563
2020-11-05,-0.004054054054054124,0.022918861959957848,0.03222078402366857
2020-11-06,0.006784260515603879,0.0012876641771826236,0.00147789869676207
2020-11-09,-0.02425876010781669,-0.0437294238683128,-0.02361148376710487
2020-11-10,0.022099447513812098,0.003232938315967271,-0.03352569387194282
2020-11-11,-0.002675675675675726,-0.004825737265415575,0.025495213723817578
2020-11-12,-0.008156960515975142,0.006465517241379448,-0.004297597042513868
2020-11-13,0.021857923497267784,0.005942184154175578,0.00853947185223003
2020-11-16,-0.02406417112299475,0.0007450375179607338,0.0003681376834936412
2020-11-17,0.00273972602739736,-0.0034565275192768308,-0.013432080592483464
2020-11-18,0.01775956284153013,-0.005869797225186768,-0.016319298736420018
2020-11-19,0.024161073825503365,-0.0021470746108427363,0.006351613973550663
2020-11-20,0.014416775884665833,0.0037654653039269625,-0.00927888464980453
2020-11-23,-0.012919896640826933,-0.019828510182207992,-0.001188551868403498
2020-11-24,0.03664921465968596,-0.016402405686167354,0.017944690370793603
2020-11-25,-0.0037878787878787845,0.0,-0.0005143551856354733
2020-11-27,0.011406844106463865,-0.010561423012784732,0.0072046783625729915
2020-11-30,-0.01253132832080206,-0.006179775280898858,-0.004877142459008721
2020-12-01,0.025380710659898442,0.02148106274731476,0.009195294996265924
2020-12-02,-0.0024752475247524774,0.007470946319867,-0.0036538550483327104
2020-12-03,-0.00992555831265507,0.007964844822851092,-0.005338408690000795
2020-12-04,-0.01253132832080206,-0.00326975476839253,0.0006067111588183849
2020-12-07,-0.027918781725888242,0.015308911973756167,-0.0003731343283582822
2020-12-08,-0.007832898172323799,0.0035002692514809475,0.007792086599477388
2020-12-09,-0.018421052631578894,-0.017440300509793505,-0.021204685402101964
2020-12-10,0.008042895442359255,-0.001365374112506701,-0.004233479967835074
2020-12-11,0.005319148936170137,0.0013672409078477887,0.01308695342374655
2020-12-14,0.020714285714285685,-0.0057345712725287434,0.004313780653631527
2020-12-15,0.0030324236062515553,0.01455644053831362,-0.0001400625612774098
2020-12-16,0.0051679586563306845,0.004872766648619464,0.023487112439297686
2020-12-17,0.010282776349614497,0.011314655172413923,0.0010493179433368471
2020-12-18,0.010178117048346147,-0.0015982951518380695,-0.005787986509889653
2020-12-21,-0.030226700251889227,-0.003468516542155742,0.020261288104515218
2020-12-22,0.006363636363636349,-0.008299866131191491,0.006290155906007122
2020-12-23,0.0014195380049037976,0.007019438444924253,-0.013171406884850634
2020-12-24,0.0077319587628865705,0.0034852546916890326,0.007646366844629382
2020-12-28,0.01534526854219953,-0.0031525514293347934,0.010102824300660007
2020-12-29,-0.035264483627204024,0.0033394082332762753,-0.0029783072546231137
2020-12-30,0.010443864229765065,0.007837250177633592,-0.011636720317446114
2020-12-31,-0.007751937984496138,0.0037105751391466324,0.0031125947311438917
2021-01-04,0.02083333333333326,0.021917084763665384,-0.020506363268426475
2021-01-05,-0.0025510204081632404,0.0031007751937983663,0.0009182314861575502
2021-01-06,0.010230179028132946,-0.015971148892323428,-0.02655841475161691
2021-01-07,0.01010126582278481,-0.0020942408376964927,0.028602393742342747
2021-01-08,-0.013759743351963727,-0.0346274921301154,0.005772137981584269
2021-01-11,0.003811944091486774,-0.0013586956521738358,-0.009337280801639758
2021-01-12,-0.005063291139240533,0.005714285714285783,-0.011816091954023
2021-01-13,0.2442748091603053,-0.0037878787878787845,0.006885962871632678
2021-01-14,-0.05112474437627812,-0.00027159152634437245,-0.015664710503211388
2021-01-15,0.004310344827586299,-0.012230372181472493,-0.0020655337526992446
2021-01-19,0.10085836909871237,0.008256371047145272,0.018157869978361107
2021-01-20,-0.011695906432748426,0.015821058374249963,0.035760487895028614
2021-01-21,0.07692307692307687,0.0,0.0032117048800071046
2021-01-22,-0.02930402930402931,-0.008324382384532814,0.004179635393508185
2021-01-25,-0.037735849056603765,0.0008123476848092004,0.016294721927027966
2021-01-26,0.03727450980392155,-0.0024350649350650677,0.013345677936563272
2021-01-27,-0.038770533638305515,-0.005695687550854367,0.0021794360811253632
2021-01-28,-0.026509341199606684,0.0,0.025054699901325694
2021-01-29,-0.038422689992323567,0.0010911074740864724,-0.02979952287280796
2021-02-01,0.04201680672268915,0.008174386920980936,0.03356196885380269
2021-02-02,0.0,-0.011891891891891881,-0.00045911765933470683
2021-02-03,0.032258064516129004,-0.001641137855579955,0.014447970602973204
2021-02-04,-0.025390625,-0.021917808219177992,-0.004280892401415937
2021-02-05,0.060120240480961984,0.010084033613445342,0.0012401818933442943
2021-02-08,-0.0041587901701323204,0.010537992235163385,0.001114781172584678
2021-02-09,0.05922551252847397,0.0027442371020856005,0.005485214665731819
2021-02-10,-0.012544802867383575,0.003831417624521105,-0.004060705496308437
2021-02-11,-0.010889292196007205,-0.008724100327153761,0.007042543552572056
2021-02-12,-0.00917431192660545,-0.002750275027502802,0.0022084083101585605
2021-02-16,-0.024074074074074248,-0.014340871483728534,-0.005508854974291988
2021-02-17,-0.07969639468690703,-0.011191941801902638,0.0022567805998932045
2021-02-18,-0.03711340206185565,0.0,-0.001924179153361183
2021-02-19,0.0064239828693790635,0.003961516694962919,-0.011321219081996792
2021-02-22,0.05319148936170204,0.014656144306651742,-0.026677177114882045
2021-02-23,0.06060606060606055,-0.0022222222222221255,-0.005669224211423685
2021-02-24,0.19619047619047625,-0.00111358574610243,0.005444334890898794
2021-02-25,-0.13216560509554143,-0.01783723522853964,-0.02434552741536611
2021-02-26,-0.0788990825688074,-0.024404086265607194,0.014683389415723447
2021-03-01,0.0,-0.0017452006980803736,0.020457384038933712
2021-03-02,0.029880478087649376,0.005244755244755206,-0.012956866717312332
2021-03-03,-0.011605415860734936,-0.010724637681159388,-0.027023560097490074
2021-03-04,-0.13500978473581227,-0.010254907705830707,-0.0028565150516369764
2021-03-05,0.024863690866722576,0.00059206631142672,0.020625826355222587
2021-03-08,0.050772626931567144,-0.010059171597633032,-0.017963554711115104
2021-03-09,0.03361344537815136,0.021219366407650986,0.02752616304634614
2021-03-10,0.03252032520325199,0.004975124378109541,-0.005520369736391695
2021-03-11,-0.015748031496062964,-0.0005824111822947398,0.020956151297387926
2021-03-12,0.0040000000000000036,0.0,-0.006153586782432718
2021-03-15,-0.017928286852589626,0.004079254079254024,-0.004198473282442827
2021-03-16,-0.006064908722109408,0.0011607661056296514,0.012265235722499046
2021-03-17,0.061202832595253165,0.006956521739130528,-0.002103580293659757
2021-03-18,-0.017307692307692246,-0.0063327576280943765,-0.0272777098528606
2021-03-19,0.0,0.004634994206257126,-0.0035107489597780983
2021-03-22,0.02935420743639905,-0.0017301038062284002,0.026662607107128755
2021-03-23,-0.05893536121672993,-0.006932409012131546,0.006185392306388815
2021-03-24,-0.0060606060606061,0.003490401396160525,-0.00858947368421048
2021-03-25,0.028475609756097642,-0.003478260869565153,-0.013293128344517124
2021-03-26,-0.0276871998577104,0.0023269342641070168,0.017905565359617848
2021-03-29,0.013211382113821113,-0.01160766105629707,-0.005116495412068156
2021-03-30,-0.012036108324975037,-0.017498532002348854,-0.012835770146208847
2021-03-31,-0.0010152284263958977,0.015419555343055169,0.016145698785843487
2021-04-01,0.010162601626016121,0.012948793407887127,0.02703275284945561
2021-04-05,0.010060362173038184,-0.0008715862870424251,0.027558892693593018
2021-04-06,0.045816733067729265,0.008432683919744166,-0.004817922672341046
2021-04-07,0.020952380952381056,-0.003287197231833794,0.008149433170613563
2021-04-08,0.013059701492537101,0.010819880807729998,0.013485933810876816
2021-04-09,-0.018416206261510082,-0.006868918145391922,0.010147674326778988
2021-04-12,-0.0337711069418386,-0.00662824207492807,0.00035179611460733895
2021-04-13,0.0019417475728153999,0.00725268349289232,0.010042200687714997
2021-04-14,0.0019379844961240345,-0.004608294930875445,-0.010367905915122488
2021-04-15,-0.005802707930367523,0.016203703703703498,0.014542042922481402
2021-04-16,-0.056439688715953285,0.006833712984054774,0.004662274110892817
2021-04-19,-0.006165075568568379,-0.002828054298642524,-0.006826723939556745
2021-04-20,-0.03734439834024905,0.00340328984685212,-0.002625888168056867
2021-04-21,0.02155172413793105,0.009609949123798645,0.009021217283568417
2021-04-22,-0.0042194092827004814,-0.006159014557670761,-0.013084685929166229
2021-04-23,0.004237288135593209,-0.004050704225352031,0.015279937791601972
2021-04-26,0.012658227848101111,0.0023701642144799973,0.00160839428637094
2021-04-27,0.004166666666666874,-0.0022573363431150906,0.002408717262473603
2021-04-28,-0.010373443983402675,0.002828054298642524,-0.028491875810511824
2021-04-29,-0.0010482180293500676,-0.003948110547095318,-0.008833575438734198
2021-04-30,-0.030430220356768012,-0.003397508493771184,-0.0007525944704110943
2021-05-03,0.051948051948051965,0.012784090909090828,-0.001545566258373987
2021-05-04,-0.004115226337448652,-0.007573632538569353,-0.015841267333147835
2021-05-05,0.06402892561983475,0.0045223289994347216,-0.005566985356408094
2021-05-06,0.009728344239694042,0.01660101294316263,0.012981217800494882
2021-05-07,0.0028846153846153744,0.00913368391918068,0.011012774818789817
2021-05-10,0.007957813998082486,0.003565551289083979,-0.020914204230373157
2021-05-11,-0.012651003519452031,-0.0002732987154961952,-0.0038028966744881876
2021-05-12,-0.021194605009633993,-0.010388190267905828,-0.0292397660818714
2021-05-13,-0.0019685039370078705,0.004972375690607711,0.016482597054886305
2021-05-14,0.01972386587771191,0.008521165475535941,0.0212774713968229
2021-05-17,0.05222437137330771,0.0122649223221587,-0.01196856739875074
2021-05-18,0.018602941176470544,0.002154011847065096,-0.008809853984827476
2021-05-19,-0.03450516133689463,0.0005373455131649774,0.0004937865196279478
2021-05-20,0.011214953271028172,0.003759398496240518,0.01373694167969064
2021-05-21,0.03883548983364138,0.0005350454788655146,-0.005233690360272658
2021-05-24,0.017775484421985288,0.002406417112299497,0.02308413883111049
2021-05-25,-0.05069930069930073,0.008535609495865515,0.003986446083316775
2021-05-26,0.022099447513812098,-0.0015868817773077026,-0.0013897161008536996
2021-05-27,0.016216216216216273,0.0007947019867549088,-0.007157057654075594
2021-05-28,0.046276595744680904,0.0029115934356802597,0.0003604325190227353
